"pitches","player_id","player_name","year","total_pitches","pitch_percent","ba","iso","babip","slg","woba","xwoba","xba","hits","abs","launch_speed","launch_angle","spin_rate","velocity","effective_speed","whiffs","swings","takes","eff_min_vel","release_extension","pos3_int_start_distance","pos4_int_start_distance","pos5_int_start_distance","pos6_int_start_distance","pos7_int_start_distance","pos8_int_start_distance","pos9_int_start_distance","pitcher_run_exp","run_exp","bat_speed","swing_length"
8831,115,"COL",2020,8831,100,0.28,0.196,0.308,0.477,0.355,0.357,0.28,579,2067,88.9,11.2,2247,89.7,89.8,942,4088,4743,0.09999999999999432,6.12,114,152,117,147,303,329,303,"-69.6","69.6",,
9420,111,"BOS",2020,9420,100,0.281,0.204,0.334,0.484,0.365,0.355,0.268,587,2091,88.5,11.7,2194,88.1,88.19,1118,4308,5111,0.10000000000000853,6.33,109,150,118,147,285,323,292,"-72.4","72.4",,
8631,116,"DET",2020,8631,100,0.265,0.199,0.299,0.464,0.345,0.354,0.27,511,1927,89,12.1,2231,89.5,89.52,1000,4007,4624,0,6.23,109,149,117,145,298,327,289,"-52.7","52.7",,
24765,120,"WSH",2023,24765,100,0.273,0.184,0.306,0.457,0.345,0.351,0.272,1512,5546,88.9,13.1,2139,89.4,89.93,2636,11530,13235,0.5,6.55,115,148,116,147,306,329,305,"-90.8","90.8",,
23866,115,"COL",2023,23866,100,0.288,0.199,0.321,0.487,0.363,0.349,0.27,1599,5555,89,12.7,2244,88.3,88.5,2323,11105,12761,0.20000000000000284,6.24,111,148,123,147,301,330,300,"-247.1","247.1",,
24474,110,"BAL",2021,24474,100,0.273,0.2,0.306,0.473,0.35,0.348,0.267,1518,5562,89.5,14.4,2229,88.3,88.09,2729,11509,12965,-0.20000000000000284,6.2,109,153,119,148,299,323,294,"-231.7","231.7",,
24645,115,"COL",2019,24645,100,0.277,0.215,0.311,0.492,0.351,0.346,0.272,1576,5692,89.7,9.7,2252,89.9,89.51,2772,11639,13002,-0.4000000000000057,5.79,113,152,115,147,308,334,307,"-164.9","164.9",,
25328,110,"BAL",2019,25328,100,0.271,0.226,0.296,0.497,0.351,0.346,0.263,1544,5697,89.3,13.8,2241,88.4,87.77,2778,11867,13461,-0.6000000000000085,5.83,106,153,116,147,301,326,298,"-181.7","181.7",,
8916,109,"AZ",2020,8916,100,0.253,0.209,0.295,0.462,0.339,0.343,0.253,506,2003,89,15.2,2272,88.7,88.67,1013,4026,4890,0,6.35,108,153,119,150,303,331,303,"-16.5","16.5",,
14569,115,"COL",2024,14569,100,0.289,0.168,0.324,0.457,0.354,0.342,0.274,980,3389,88.5,11.2,2198,88.9,89.31,1458,6842,7725,0.3999999999999915,6.35,112,148,121,147,302,330,300,"-132.2","132.2",69.38822063730544,"7.259324457"
24517,118,"KC",2019,24517,100,0.273,0.183,0.312,0.456,0.34,0.342,0.264,1525,5576,89.7,11.8,2188,88.6,88.56,2585,11366,13151,0,6.14,111,150,119,141,302,326,304,"-108.3","108.3",,
8923,120,"WSH",2020,8923,100,0.271,0.195,0.317,0.466,0.346,0.342,0.264,548,2025,88.8,14.4,2199,87.6,87.83,1115,4274,4649,0.20000000000000284,6.4,109,153,123,143,301,317,295,"-33.5","33.5",,
25337,133,"OAK",2023,25337,100,0.266,0.187,0.308,0.453,0.348,0.34,0.254,1464,5506,88.5,15.6,2197,88.9,89.04,2840,11735,13599,0.09999999999999432,6.37,111,147,115,149,298,322,294,"-163.6","163.6",,
8549,146,"MIA",2020,8549,100,0.261,0.194,0.298,0.455,0.341,0.34,0.253,506,1941,88.4,11.1,2234,88.4,88.48,972,4056,4493,0.09999999999999432,6.35,103,151,116,148,300,319,291,"-41.3","41.3",,
24439,116,"DET",2017,24439,100,0.282,0.18,0.321,0.463,0.344,0.339,0.266,1587,5621,87.8,14.3,2257,89.4,88.9,2504,11514,12922,-0.5,6.01,108,152,112,146,298,328,294,"-110.1","110.1",,
25129,110,"BAL",2017,25129,100,0.269,0.188,0.303,0.458,0.341,0.339,0.263,1505,5589,87.8,11.5,2201,88.5,87.73,2630,11498,13624,-0.7999999999999972,5.9,107,153,116,146,301,324,297,"-93.4","93.4",,
24307,118,"KC",2021,24307,100,0.254,0.161,0.302,0.415,0.324,0.339,0.256,1375,5414,89.2,12.4,2285,89.2,89.28,2829,11157,13150,0.09999999999999432,6.25,107,157,116,145,299,323,301,"-72.6","72.6",,
24470,142,"MIN",2016,24470,100,0.283,0.183,0.32,0.466,0.344,0.338,0.269,1617,5722,89.2,11.8,2156,88.1,87.41,2402,11377,13018,-0.6999999999999886,5.93,107,147,111,144,292,314,292,"-163.5","163.5",,
24084,118,"KC",2018,24084,100,0.275,0.171,0.311,0.446,0.339,0.338,0.264,1542,5603,89,12.2,2223,88.6,88.48,2401,11248,12834,-0.09999999999999432,6.14,111,152,111,144,298,321,297,"-122.8","122.8",,
24647,110,"BAL",2018,24647,100,0.276,0.195,0.312,0.471,0.351,0.337,0.261,1552,5625,88.4,12.7,2200,88.7,87.75,2639,11515,13130,-1,5.73,110,154,114,147,292,317,295,"-187.3","187.3",,
24290,138,"STL",2023,24290,100,0.276,0.171,0.321,0.448,0.341,0.337,0.267,1549,5608,89.1,10.3,2263,88.2,88.44,2552,11212,13078,0.20000000000000284,6.43,112,149,118,148,303,317,298,"-84.9","84.9",,
23763,140,"TEX",2018,23763,100,0.271,0.193,0.301,0.464,0.342,0.337,0.265,1516,5597,88.8,12.3,2191,88,87.25,2342,10988,12774,-0.7999999999999972,5.84,108,150,110,147,294,316,294,"-151.6","151.6",,
24573,145,"CWS",2017,24573,100,0.254,0.196,0.282,0.45,0.335,0.337,0.258,1384,5445,87.8,13.4,2154,88,87.87,2358,10977,13595,-0.09999999999999432,6.21,110,151,110,146,294,310,292,"-83","83",,
23798,118,"KC",2023,23798,100,0.263,0.18,0.304,0.442,0.336,0.336,0.26,1429,5442,88.7,13.2,2252,88.2,88.66,2754,11171,12627,0.5,6.51,109,148,118,147,297,326,292,"-130.4","130.4",,
24750,116,"DET",2019,24750,100,0.275,0.204,0.319,0.478,0.344,0.336,0.258,1555,5664,89.4,12.9,2286,88.4,87.84,2870,11676,13070,-0.6000000000000085,5.88,108,149,115,147,298,329,292,"-117.8","117.8",,
23914,116,"DET",2021,23914,100,0.252,0.167,0.29,0.419,0.324,0.334,0.253,1370,5447,89.1,11.9,2138,89.9,90.03,2699,11269,12645,0.09999999999999432,6.32,108,154,118,148,299,327,298,"-4.3","4.3",,
23705,108,"LAA",2016,23705,100,0.269,0.171,0.303,0.44,0.332,0.334,0.262,1480,5495,88.6,13.6,2109,86.4,85.39,2460,11081,12508,-1,5.93,109,150,108,147,303,323,299,"-33.1","33.1",,
24903,113,"CIN",2016,24903,100,0.263,0.193,0.294,0.456,0.344,0.334,0.254,1457,5543,88.2,12.8,2149,89.3,88.91,2584,11438,13336,-0.3999999999999915,6.15,109,147,110,147,291,312,291,"-115.4","115.4",,
24394,120,"WSH",2022,24394,100,0.266,0.186,0.298,0.452,0.344,0.334,0.254,1469,5522,88.7,13.6,2172,88.8,89.05,2591,11392,13000,0.20000000000000284,6.45,112,154,122,146,300,318,297,"-161.6","161.6",,
9026,134,"PIT",2020,9026,100,0.235,0.18,0.281,0.416,0.325,0.334,0.242,451,1918,88,12.6,2367,88,88.38,1112,3953,5072,0.4000000000000057,6.41,108,152,121,148,299,319,296,"-23.1","23.1",,
25074,140,"TEX",2019,25074,100,0.269,0.195,0.314,0.464,0.34,0.334,0.255,1515,5629,88.6,13.3,2289,89.4,88.94,2820,11633,13441,-0.5,5.97,108,153,114,148,294,322,300,"-90.3","90.3",,
24002,136,"SEA",2019,24002,100,0.263,0.206,0.291,0.469,0.332,0.334,0.262,1484,5652,89.3,12.3,2181,86.9,86.31,2598,11184,12813,-0.6000000000000085,5.86,107,153,114,146,297,318,290,"-88.5","88.5",,
13973,141,"TOR",2024,13973,100,0.253,0.173,0.292,0.426,0.324,0.334,0.259,819,3240,89.2,14,2225,89.1,89.43,1545,6616,7355,0.30000000000001137,6.55,110,148,115,147,290,319,292,"-41.1","41.1",69.63821410563371,"7.174730538"
24789,109,"AZ",2016,24789,100,0.275,0.179,0.323,0.454,0.342,0.334,0.261,1563,5693,88.8,10.9,2208,89.4,89.38,2689,11438,13145,0,6.2,110,151,115,148,304,323,302,"-139.4","139.4",,
24926,145,"CWS",2018,24926,100,0.254,0.168,0.293,0.422,0.331,0.333,0.25,1404,5531,88.5,14.6,2143,88.6,88.25,2624,11313,13605,-0.29999999999999716,6.03,109,149,111,147,293,313,293,"-137.4","137.4",,
23490,142,"MIN",2017,23490,100,0.266,0.18,0.298,0.446,0.33,0.333,0.262,1487,5587,87.7,12.8,2188,88.1,87.6,2370,11115,12371,-0.5,6.07,106,148,113,146,291,314,290,"-28.3","28.3",,
23828,109,"AZ",2021,23828,100,0.267,0.201,0.303,0.468,0.343,0.333,0.256,1480,5546,88.2,13.6,2207,88.2,88.01,2454,11255,12569,-0.20000000000000284,6.2,110,152,118,150,299,327,298,"-159.9","159.9",,
24447,118,"KC",2022,24447,100,0.271,0.153,0.314,0.425,0.337,0.333,0.26,1493,5505,88.8,11.1,2250,88.7,88.88,2668,11373,13074,0.20000000000000284,6.36,108,155,117,148,301,324,301,"-134.2","134.2",,
24045,134,"PIT",2021,24045,100,0.26,0.186,0.304,0.446,0.338,0.332,0.251,1400,5379,88.1,13,2285,88.4,88.52,2835,11312,12733,0.09999999999999432,6.33,110,151,119,148,301,321,291,"-117.9","117.9",,
8943,118,"KC",2020,8943,100,0.254,0.161,0.304,0.415,0.324,0.332,0.254,500,1971,88.8,11.8,2284,88.3,88.74,1031,4000,4943,0.4000000000000057,6.41,110,156,119,146,303,328,302,"-3","3",,
23877,112,"CHC",2021,23877,100,0.255,0.187,0.297,0.442,0.336,0.332,0.253,1386,5431,87.7,10.1,2230,87.8,87.78,2708,10944,12933,0,6.24,110,154,115,150,297,322,298,"-116.3","116.3",,
23922,140,"TEX",2017,23922,100,0.261,0.173,0.29,0.434,0.33,0.332,0.261,1443,5526,86.6,12.2,2236,88.3,87.76,2380,11044,12878,-0.5,5.96,106,149,110,147,296,325,295,"-72.8","72.8",,
24079,133,"OAK",2017,24079,100,0.261,0.178,0.296,0.439,0.327,0.332,0.262,1444,5537,88.1,11,2220,88.6,88.1,2547,11052,13019,-0.5,6.01,109,149,113,147,294,323,296,"-66.6","66.6",,
24612,146,"MIA",2017,24612,100,0.263,0.169,0.302,0.432,0.332,0.332,0.257,1450,5514,87.2,12.2,2173,88.6,87.79,2577,11385,13225,-0.7999999999999972,5.93,108,151,108,148,295,321,297,"-74","74",,
23714,142,"MIN",2021,23714,100,0.255,0.195,0.292,0.449,0.329,0.332,0.253,1392,5460,89,13.2,2170,87.7,87.57,2790,11538,12176,-0.10000000000000853,6.16,106,156,115,149,299,330,295,"-102.1","102.1",,
24930,141,"TOR",2019,24930,100,0.259,0.191,0.301,0.451,0.333,0.331,0.252,1450,5590,88.6,12.4,2273,88.3,87.92,2894,11515,13409,-0.3999999999999915,6.01,109,153,118,149,305,326,299,"-42.1","42.1",,
24201,145,"CWS",2019,24201,100,0.263,0.188,0.303,0.452,0.333,0.331,0.256,1438,5466,88.6,12.8,2166,89.7,89.29,2871,11471,12725,-0.4000000000000057,5.91,110,150,113,147,294,321,295,"-66.6","66.6",,
25143,108,"LAA",2019,25143,100,0.254,0.205,0.291,0.459,0.333,0.331,0.252,1417,5575,88.8,14,2262,87.9,87.22,3057,11524,13618,-0.7000000000000028,5.85,112,151,115,147,295,317,290,"-83.8","83.8",,
23720,115,"COL",2022,23720,100,0.272,0.174,0.313,0.446,0.341,0.33,0.26,1516,5569,89.1,11.1,2283,89.7,89.7,2518,11167,12549,0,6.13,111,151,119,148,304,329,301,"-172.4","172.4",,
13937,109,"AZ",2024,13937,100,0.262,0.173,0.301,0.435,0.328,0.33,0.265,873,3328,89.2,12.1,2240,89.1,89.5,1536,6784,7152,0.4000000000000057,6.55,112,149,119,148,300,317,293,"-50","50",69.54216100283037,"7.21305464"
23925,134,"PIT",2023,23925,100,0.251,0.162,0.301,0.414,0.323,0.33,0.256,1380,5489,88.4,11.4,2308,89,89.57,2772,11169,12755,0.5999999999999943,6.59,109,149,114,149,300,319,295,"-34.8","34.8",,
23586,140,"TEX",2021,23586,100,0.256,0.18,0.29,0.436,0.328,0.33,0.256,1402,5468,88.6,12.5,2181,88.4,88.37,2647,11198,12388,0,6.31,113,155,122,147,300,325,295,"-81","81",,
23732,120,"WSH",2021,23732,100,0.254,0.192,0.293,0.447,0.331,0.33,0.25,1364,5361,87.9,12.5,2191,88.4,88.64,2755,11112,12619,0.19999999999998863,6.41,109,153,119,146,302,322,295,"-118.1","118.1",,
8872,136,"SEA",2020,8872,100,0.245,0.18,0.281,0.425,0.328,0.329,0.244,482,1966,89.1,15.2,2186,87.9,88.05,904,3880,4992,0.19999999999998863,6.36,109,155,121,147,294,326,292,"-24.2","24.2",,
24300,109,"AZ",2019,24300,100,0.251,0.181,0.298,0.432,0.317,0.328,0.254,1400,5568,88.7,12,2191,87.8,87.32,2907,11441,12854,-0.5,5.91,111,153,117,151,301,327,301,"36.6","-36.6",,
23961,118,"KC",2016,23961,100,0.259,0.164,0.301,0.423,0.324,0.328,0.254,1433,5535,88.7,12.3,2240,89.3,88.91,2656,11287,12647,-0.3999999999999915,6.18,112,150,112,144,295,318,296,"6.2","-6.2",,
23805,115,"COL",2015,23805,100,0.283,0.178,0.323,0.461,0.351,0.328,0.257,1579,5583,88.3,8.5,2035,88.7,87.92,2454,11099,12543,-0.7999999999999972,5.94,111,148,113,145,302,320,301,"-160.6","160.6",,
8033,138,"STL",2020,8033,100,0.216,0.164,0.252,0.38,0.299,0.328,0.244,376,1739,88.1,11.5,2285,87.5,87.79,987,3654,4379,0.29999999999999716,6.45,110,150,115,147,301,324,301,"27.3","-27.3",,
14123,108,"LAA",2024,14123,100,0.241,0.164,0.277,0.404,0.319,0.328,0.248,769,3195,88.7,13,2160,88.6,88.38,1674,6641,7479,-0.19999999999998863,6.22,109,149,118,149,305,326,299,"-50.5","50.5",69.66308006252702,"7.297334035"
25299,145,"CWS",2023,25299,100,0.249,0.174,0.3,0.424,0.331,0.328,0.246,1372,5499,88.8,13.6,2306,89.4,89.91,3172,11598,13701,0.5,6.57,111,149,114,148,296,322,297,"-75.8","75.8",,
24246,134,"PIT",2022,24246,100,0.258,0.152,0.305,0.411,0.328,0.328,0.255,1431,5539,88.3,11.8,2276,88.5,88.47,2743,11265,12979,0,6.29,107,151,116,149,303,323,298,"-132.9","132.9",,
9485,141,"TOR",2020,9485,100,0.255,0.181,0.303,0.436,0.335,0.327,0.245,517,2027,87.7,12.2,2129,88,88.08,1180,4360,5122,0.09999999999999432,6.34,107,152,120,146,293,313,290,"-35.4","35.4",,
9038,121,"NYM",2020,9038,100,0.255,0.183,0.317,0.438,0.334,0.327,0.246,511,2002,87.3,12.3,2203,90.1,90.47,1235,4272,4762,0.4000000000000057,6.48,112,148,121,143,296,318,293,"-27.8","27.8",,
24310,143,"PHI",2019,24310,100,0.261,0.192,0.301,0.453,0.33,0.327,0.253,1452,5571,88.3,12.1,2211,88,87.72,2824,11393,12917,-0.29999999999999716,6.1,110,151,117,149,299,323,294,"-24.7","24.7",,
23839,143,"PHI",2015,23839,100,0.28,0.165,0.319,0.445,0.339,0.327,0.26,1592,5691,88.7,11.7,2081,88.4,87.74,2545,11420,12279,-0.7000000000000028,6.14,110,150,110,148,289,314,289,"-136.2","136.2",,
23757,137,"SF",2017,23757,100,0.268,0.17,0.312,0.438,0.327,0.327,0.262,1515,5650,87.5,12.5,2274,88.1,87.08,2437,11246,12508,-1,5.73,110,148,110,147,293,315,296,"-25.3","25.3",,
14401,146,"MIA",2024,14401,100,0.254,0.158,0.303,0.412,0.324,0.327,0.253,836,3285,88.6,11.8,2270,89.5,89.3,1696,6780,7621,-0.20000000000000284,6.3,108,148,116,146,297,320,294,"-60.4","60.4",69.74238052341404,"7.293606035"
23419,138,"STL",2021,23419,100,0.234,0.141,0.274,0.374,0.304,0.327,0.25,1234,5281,87.9,11.3,2227,87.7,87.79,2533,10648,12771,0.09999999999999432,6.34,113,155,118,148,298,319,297,"58.5","-58.5",,
13778,158,"MIL",2024,13778,100,0.24,0.15,0.279,0.39,0.307,0.327,0.259,778,3235,88.2,13.1,2217,89.2,89.6,1573,6454,7324,0.3999999999999915,6.57,110,149,119,148,302,321,299,"35.3","-35.3",69.60069763954093,"7.181146327"
23575,109,"AZ",2023,23575,100,0.251,0.178,0.297,0.429,0.323,0.327,0.253,1375,5475,89.3,12.9,2241,89,89.19,2872,11162,12410,0.20000000000000284,6.39,111,149,118,149,300,318,295,"-26.5","26.5",,
24013,115,"COL",2016,24013,100,0.274,0.171,0.321,0.446,0.339,0.327,0.26,1532,5583,88,8.5,2141,89.3,89.08,2565,11235,12651,-0.20000000000000284,5.94,109,150,113,145,300,322,300,"-132","132",,
23397,108,"LAA",2017,23397,100,0.251,0.178,0.291,0.429,0.317,0.327,0.256,1373,5460,88.2,13.7,2228,88.1,87.87,2731,10869,12517,-0.19999999999998863,6.08,111,151,108,149,301,323,299,"21.9","-21.9",,
8987,137,"SF",2020,8987,100,0.241,0.169,0.283,0.41,0.318,0.326,0.248,474,1968,87.5,14.6,2201,87.5,87.41,1016,4047,4940,-0.09999999999999432,6.15,109,156,117,148,296,320,295,"-8.3","8.3",,
24817,113,"CIN",2023,24817,100,0.257,0.186,0.302,0.443,0.337,0.326,0.248,1426,5551,88.6,14.8,2292,89.4,89.45,3000,11720,13094,0.09999999999999432,6.28,111,147,122,148,294,321,293,"-79.9","79.9",,
23201,144,"ATL",2015,23201,100,0.268,0.158,0.309,0.426,0.331,0.326,0.256,1462,5449,88.4,11.3,2073,89,88.35,2325,10871,12165,-0.5999999999999943,6.05,107,147,109,146,293,312,294,"-96.7","96.7",,
8834,110,"BAL",2020,8834,100,0.246,0.176,0.283,0.421,0.32,0.326,0.248,489,1991,89.1,12.1,2205,87.9,87.68,1049,4086,4748,-0.20000000000000284,6.22,107,153,117,147,299,321,294,"-7.7","7.7",,
24438,137,"SF",2019,24438,100,0.249,0.178,0.289,0.428,0.315,0.326,0.252,1395,5597,89.2,13.3,2314,88.6,88.09,2726,11577,12858,-0.5,5.91,109,151,114,147,299,327,297,"17.2","-17.2",,
22979,142,"MIN",2015,22979,100,0.269,0.149,0.303,0.418,0.32,0.326,0.265,1506,5600,88.4,11.3,2085,88.5,88.16,2174,10964,11899,-0.29999999999999716,6.15,107,148,110,146,291,312,290,"-28","28",,
24748,108,"LAA",2023,24748,100,0.252,0.17,0.303,0.422,0.329,0.326,0.247,1394,5525,88.1,14.1,2196,88.5,88.37,3224,11798,12949,-0.09999999999999432,6.23,110,149,116,147,301,327,299,"-70.2","70.2",,
24862,134,"PIT",2019,24862,100,0.268,0.202,0.318,0.47,0.342,0.326,0.25,1511,5648,88.5,12.7,2296,89.8,89.67,2977,11904,12957,-0.09999999999999432,6.1,110,149,120,148,305,324,299,"-122.7","122.7",,
8570,143,"PHI",2020,8570,100,0.279,0.189,0.344,0.468,0.349,0.326,0.254,550,1971,87.7,9,2183,89.2,89.61,1076,4088,4482,0.3999999999999915,6.58,110,151,118,148,296,325,294,"-43.2","43.2",,
24193,140,"TEX",2015,24193,100,0.262,0.157,0.296,0.419,0.324,0.325,0.26,1459,5567,88.3,11.3,2110,88.3,87.47,2213,10941,13152,-0.7999999999999972,5.8,108,150,111,147,292,317,301,"-51.4","51.4",,
23637,140,"TEX",2016,23637,100,0.26,0.164,0.293,0.424,0.325,0.325,0.256,1441,5537,88.3,10.8,2185,88.2,87.84,2434,11033,12550,-0.4000000000000057,6.06,107,149,110,146,302,328,300,"-54.5","54.5",,
24630,146,"MIA",2018,24630,100,0.254,0.17,0.293,0.424,0.325,0.325,0.248,1388,5472,88.5,13.7,2161,88.9,88.36,2662,11469,13160,-0.5,6.05,107,149,108,148,299,322,296,"-82.3","82.3",,
23949,114,"CLE",2023,23949,100,0.246,0.154,0.291,0.4,0.312,0.325,0.255,1352,5491,89,13.5,2242,88.3,88.76,2864,11461,12478,0.5,6.51,111,149,117,148,296,315,293,"48.2","-48.2",,
9139,140,"TEX",2020,9139,100,0.242,0.178,0.279,0.419,0.325,0.325,0.241,479,1981,88,14.2,2274,89.2,89.16,973,4058,5081,0,6.26,109,155,114,148,300,321,292,"-31","31",,
23975,118,"KC",2017,23975,100,0.265,0.169,0.305,0.434,0.327,0.325,0.253,1480,5580,87.3,12.8,2240,87.7,87.68,2658,11310,12665,0,6.19,113,152,111,144,298,320,300,"-34.4","34.4",,
23815,144,"ATL",2017,23815,100,0.263,0.175,0.306,0.438,0.332,0.325,0.254,1463,5563,87.2,11,2236,87.9,87.09,2630,11174,12638,-0.8000000000000114,5.8,107,148,110,149,297,316,287,"-68.8","68.8",,
23971,113,"CIN",2018,23971,100,0.266,0.184,0.303,0.45,0.334,0.325,0.255,1491,5605,88.5,10.8,2125,90.5,89.85,2694,11495,12463,-0.7000000000000028,5.91,114,149,110,145,297,308,289,"-100.2","100.2",,
14264,133,"OAK",2024,14264,100,0.257,0.165,0.299,0.422,0.328,0.325,0.251,844,3282,88.3,14.3,2301,88.2,88.05,1601,6822,7440,-0.10000000000000853,6.24,110,148,117,149,297,321,296,"-51.4","51.4",69.63163691155269,"7.226038017"
8891,108,"LAA",2020,8891,100,0.245,0.185,0.287,0.43,0.32,0.324,0.245,492,2011,88.2,14.9,2246,87.7,87.22,1075,4109,4782,-0.5,5.96,112,151,116,149,308,323,298,"-24.5","24.5",,
14183,120,"WSH",2024,14183,100,0.255,0.149,0.305,0.403,0.313,0.324,0.259,837,3287,88.8,12.8,2158,89.5,90.34,1729,6972,7211,0.7999999999999972,6.73,111,148,117,146,303,325,297,"-10.8","10.8",69.7415779966191,"7.196019296"
24927,142,"MIN",2018,24927,100,0.256,0.167,0.304,0.423,0.326,0.324,0.247,1425,5560,88.3,12.7,2171,88.4,88.18,2907,11686,13236,-0.20000000000000284,6.09,109,149,116,146,295,322,293,"-41.8","41.8",,
24344,113,"CIN",2017,24344,100,0.263,0.201,0.3,0.465,0.344,0.324,0.248,1442,5475,86.9,11.6,2149,89,88.5,2752,11321,13007,-0.5,6.04,116,149,111,147,297,305,283,"-145.5","145.5",,
24292,121,"NYM",2023,24292,100,0.248,0.158,0.298,0.406,0.321,0.324,0.245,1331,5377,88.8,13.3,2246,88.8,89.11,2929,11200,13092,0.29999999999999716,6.51,114,149,117,149,297,325,296,"10.5","-10.5",,
23533,136,"SEA",2017,23533,100,0.254,0.181,0.285,0.435,0.32,0.324,0.253,1399,5502,87.8,14.4,2176,88.4,87.91,2589,11206,12325,-0.5,6.04,108,153,110,148,292,315,292,"-17.7","17.7",,
9005,145,"CWS",2020,9005,100,0.226,0.153,0.271,0.379,0.301,0.324,0.247,448,1980,87.7,11.3,2172,88.4,88.56,1201,4120,4885,0.19999999999998863,6.31,111,150,116,149,297,322,299,"22.9","-22.9",,
13923,118,"KC",2024,13923,100,0.244,0.143,0.294,0.387,0.308,0.324,0.255,787,3221,88.4,11.6,2325,88.5,88.69,1592,6474,7448,0.20000000000000284,6.35,111,148,118,149,299,323,294,"22.6","-22.6",69.32479054122717,"7.220778719"
23382,116,"DET",2022,23382,100,0.247,0.146,0.285,0.393,0.311,0.324,0.252,1336,5405,88.9,13.2,2177,89.5,89.46,2574,11190,12192,0,6.27,109,155,116,147,301,329,294,"-34.9","34.9",,
23972,143,"PHI",2017,23972,100,0.265,0.183,0.307,0.447,0.331,0.324,0.253,1471,5560,87,12.5,2137,88,87.83,2639,11319,12653,-0.20000000000000284,6.25,109,151,109,148,290,314,289,"-27.4","27.4",,
14034,140,"TEX",2024,14034,100,0.231,0.151,0.273,0.381,0.304,0.323,0.248,730,3167,88.9,13.7,2259,89.2,89.29,1782,6660,7372,0.09999999999999432,6.42,113,149,118,149,300,325,297,"4.9","-4.9",69.83958680551983,"7.311503476"
23324,133,"OAK",2022,23324,100,0.254,0.174,0.29,0.428,0.326,0.323,0.25,1394,5491,88.4,13.4,2165,88.4,88.11,2639,11139,12185,-0.30000000000001137,6.12,111,152,118,148,298,320,295,"-88.8","88.8",,
23954,116,"DET",2018,23954,100,0.258,0.181,0.292,0.439,0.327,0.323,0.249,1423,5505,88.4,14.8,2250,87.9,87.37,2542,11113,12836,-0.5,5.97,108,151,113,145,296,320,290,"-91.4","91.4",,
23459,114,"CLE",2021,23459,100,0.24,0.177,0.283,0.417,0.315,0.323,0.246,1281,5337,88.8,12.1,2230,89,89.2,2928,11168,12291,0.20000000000000284,6.32,112,153,118,149,293,318,292,"-7.9","7.9",,
24559,146,"MIA",2019,24559,100,0.245,0.191,0.283,0.435,0.322,0.323,0.241,1340,5473,88.2,15.6,2284,88.9,88.16,3042,11921,12638,-0.7000000000000028,5.86,107,154,117,148,301,325,297,"-40.1","40.1",,
14426,121,"NYM",2024,14426,100,0.236,0.151,0.284,0.387,0.314,0.323,0.244,754,3195,88.4,12.2,2178,89.4,89.99,1707,6739,7687,0.5999999999999943,6.71,112,149,120,149,296,322,296,"-21","21",69.39510514802626,"7.198742351"
14276,137,"SF",2024,14276,100,0.26,0.153,0.315,0.413,0.324,0.322,0.251,857,3293,89,8.9,2148,89.1,89.44,1636,6640,7635,0.30000000000001137,6.53,110,148,119,149,294,321,295,"-31.6","31.6",69.02986289990497,"7.206585693"
23699,134,"PIT",2017,23699,100,0.264,0.167,0.31,0.431,0.326,0.322,0.257,1464,5555,86.9,10.8,2183,90.7,90.48,2478,11274,12418,-0.20000000000000284,6.19,110,150,112,149,301,319,298,"8.3","-8.3",,
23569,109,"AZ",2022,23569,100,0.247,0.167,0.283,0.414,0.318,0.322,0.249,1345,5445,88.1,14,2215,88.1,87.92,2557,11187,12375,-0.19999999999998863,6.26,110,152,121,148,300,322,296,"-57","57",,
23905,111,"BOS",2022,23905,100,0.256,0.163,0.304,0.419,0.325,0.321,0.246,1411,5517,88.8,12,2216,88.6,88.74,2812,11378,12526,0.10000000000000853,6.44,110,156,117,150,291,327,295,"-86.7","86.7",,
24145,144,"ATL",2019,24145,100,0.256,0.163,0.305,0.419,0.318,0.321,0.251,1421,5557,88.6,10.8,2303,88.2,87.69,2859,11397,12746,-0.5,5.85,109,151,113,149,306,326,296,"26","-26",,
24030,108,"LAA",2018,24030,100,0.248,0.167,0.295,0.415,0.32,0.321,0.246,1353,5445,88.8,13,2250,87.9,87.12,2825,10942,13085,-0.8000000000000114,5.85,111,152,111,148,295,321,299,"-23.5","23.5",,
13638,138,"STL",2024,13638,100,0.251,0.153,0.297,0.404,0.311,0.321,0.257,818,3257,88.3,10.8,2314,89.3,89.73,1618,6590,7046,0.4000000000000057,6.51,112,148,113,148,305,321,300,"-5.9","5.9",69.77479246249929,"7.228441813"
24097,117,"HOU",2023,24097,100,0.241,0.167,0.291,0.409,0.315,0.321,0.241,1312,5433,89.1,13,2356,89,88.73,3183,11561,12536,-0.29999999999999716,6.25,110,149,114,148,294,324,292,"35.6","-35.6",,
8788,117,"HOU",2020,8788,100,0.239,0.167,0.289,0.407,0.316,0.321,0.24,472,1972,87.7,11.4,2351,88.1,87.6,1013,3812,4973,-0.5,6.02,113,154,116,150,289,321,300,"13.3","-13.3",,
23471,133,"OAK",2016,23471,100,0.263,0.159,0.301,0.422,0.32,0.321,0.256,1459,5558,88.7,10.6,2209,88.9,88.55,2542,11017,12367,-0.4000000000000057,6.21,107,152,108,147,295,319,300,"-37.1","37.1",,
22960,115,"COL",2021,22960,100,0.26,0.175,0.304,0.435,0.33,0.321,0.25,1397,5377,88,10.5,2286,89.6,89.65,2624,10698,12256,0.10000000000000853,6.12,111,152,120,147,299,330,303,"-76.8","76.8",,
24914,121,"NYM",2017,24914,100,0.273,0.175,0.322,0.448,0.338,0.321,0.251,1538,5628,86.7,11.2,2221,89.1,89.01,2813,11709,13203,-0.09999999999999432,6.26,113,150,112,147,289,310,295,"-93","93",,
23859,136,"SEA",2021,23859,100,0.247,0.17,0.289,0.417,0.314,0.32,0.248,1356,5490,89,13.9,2200,88.4,88.52,2845,11674,12184,0.09999999999999432,6.34,110,154,115,147,295,321,293,"3","-3",,
23497,133,"OAK",2015,23497,100,0.254,0.146,0.291,0.4,0.312,0.32,0.252,1402,5520,88.2,11.4,2179,88,87.38,2457,11027,12379,-0.5999999999999943,5.95,109,150,108,146,294,318,298,"-29.4","29.4",,
24498,141,"TOR",2018,24498,100,0.265,0.182,0.308,0.446,0.336,0.32,0.244,1476,5578,88.2,12.7,2197,88.2,87.56,2763,11298,13195,-0.6000000000000085,5.99,109,151,113,145,296,319,292,"-98.4","98.4",,
23675,116,"DET",2015,23675,100,0.268,0.176,0.301,0.444,0.333,0.32,0.254,1491,5565,88.3,12.9,2148,88.5,87.82,2357,11085,12462,-0.7000000000000028,5.97,108,150,112,144,287,304,280,"-142","142",,
8978,144,"ATL",2020,8978,100,0.247,0.161,0.295,0.407,0.319,0.32,0.241,494,2000,87,11.1,2275,87.4,87.48,1041,4145,4832,0.09999999999999432,6.31,108,150,114,151,306,330,298,"12.5","-12.5",,
24342,112,"CHC",2019,24342,100,0.251,0.164,0.303,0.414,0.314,0.32,0.249,1376,5492,88.5,11.3,2230,87.6,87.46,2765,11256,13086,-0.09999999999999432,6.09,111,151,111,151,296,321,296,"55.3","-55.3",,
23836,143,"PHI",2016,23836,100,0.265,0.183,0.307,0.448,0.329,0.32,0.256,1468,5540,88.3,13.3,2186,87.9,87.17,2602,11055,12661,-0.7000000000000028,6.12,110,149,109,147,287,314,288,"-76.3","76.3",,
23476,112,"CHC",2023,23476,100,0.244,0.155,0.292,0.399,0.311,0.32,0.253,1328,5441,87.8,11.8,2280,88.3,88.37,2787,11007,12467,0.10000000000000853,6.26,110,150,114,151,301,325,292,"26.5","-26.5",,
22956,146,"MIA",2015,22956,100,0.255,0.141,0.297,0.396,0.313,0.319,0.25,1374,5385,88.3,10.8,2166,89.1,87.84,2277,10671,12198,-1.2999999999999972,5.78,109,148,108,146,296,317,292,"5.8","-5.8",,
24103,135,"SD",2016,24103,100,0.258,0.165,0.298,0.422,0.324,0.319,0.249,1425,5533,88.8,10.1,2200,88.5,87.77,2368,10852,13087,-0.7000000000000028,5.89,105,151,113,144,290,314,295,"-40.7","40.7",,
23544,116,"DET",2023,23544,100,0.24,0.158,0.286,0.399,0.305,0.319,0.25,1320,5489,88.8,12.9,2223,88.7,88.81,2844,11316,12228,0.09999999999999432,6.3,112,148,119,146,299,326,293,"2.1","-2.1",,
14870,145,"CWS",2024,14870,100,0.245,0.167,0.289,0.413,0.322,0.319,0.243,813,3312,87.7,13.7,2291,89.3,89.71,1773,6956,7914,0.4000000000000057,6.53,111,148,116,149,297,323,296,"-41.5","41.5",69.45928692849479,"7.175513894"
24068,134,"PIT",2016,24068,100,0.267,0.169,0.311,0.436,0.332,0.319,0.253,1490,5579,87.8,9.6,2126,90.1,89.72,2495,11353,12603,-0.3999999999999915,6.2,112,151,110,148,298,307,289,"-45.6","45.6",,
24252,109,"AZ",2015,24252,100,0.258,0.165,0.297,0.423,0.321,0.318,0.251,1450,5617,88.7,11.2,2112,88.4,87.86,2615,11478,12616,-0.5,5.97,110,152,112,148,300,317,296,"-15.7","15.7",,
23252,110,"BAL",2022,23252,100,0.256,0.151,0.297,0.407,0.317,0.318,0.252,1406,5490,88.4,11.8,2264,88.7,88.69,2650,11228,12024,0,6.33,108,156,116,149,302,321,295,"-10.2","10.2",,
24162,112,"CHC",2022,24162,100,0.244,0.17,0.287,0.414,0.32,0.318,0.244,1342,5506,87.9,12.4,2255,88,87.86,2833,11282,12880,-0.09999999999999432,6.2,108,152,117,153,299,321,293,"-43.2","43.2",,
23083,136,"SEA",2018,23083,100,0.252,0.166,0.296,0.418,0.313,0.318,0.251,1396,5545,88.7,12.9,2154,87.5,86.84,2645,11334,11743,-0.7000000000000028,5.88,108,152,112,147,291,321,292,"-0.3","0.3",,
23883,145,"CWS",2016,23883,100,0.257,0.162,0.3,0.419,0.321,0.318,0.251,1422,5524,88.3,12.8,2161,89.1,88.44,2437,11041,12721,-0.6999999999999886,6.14,108,151,107,145,295,313,286,"-19.9","19.9",,
23726,135,"SD",2017,23726,100,0.259,0.183,0.301,0.441,0.331,0.318,0.245,1417,5473,87.4,9.3,2209,88.5,87.51,2584,10917,12807,-1,5.77,106,150,113,146,296,315,297,"-83.8","83.8",,
24341,144,"ATL",2016,24341,100,0.256,0.161,0.296,0.416,0.319,0.317,0.247,1414,5531,88.9,11.5,2201,89.1,88.42,2523,11285,12850,-0.6999999999999886,5.96,106,147,110,148,294,310,291,"-22.2","22.2",,
23968,110,"BAL",2023,23968,100,0.242,0.153,0.294,0.395,0.305,0.317,0.249,1334,5510,88.8,10.9,2261,89.7,89.93,2996,11542,12423,0.20000000000000284,6.47,110,149,118,148,299,323,295,"78.5","-78.5",,
23680,158,"MIL",2015,23680,100,0.261,0.161,0.307,0.422,0.325,0.317,0.249,1432,5484,87.7,9.6,2055,88.4,87.93,2471,10976,12583,-0.5,6.12,107,147,107,146,293,316,295,"-50.2","50.2",,
8455,112,"CHC",2020,8455,100,0.233,0.167,0.279,0.4,0.303,0.317,0.245,451,1939,88.1,10.7,2304,87,87.26,1026,3853,4602,0.29999999999999716,6.33,112,155,113,149,295,325,296,"29.3","-29.3",,
23543,136,"SEA",2016,23543,100,0.253,0.172,0.294,0.425,0.317,0.317,0.251,1410,5573,88.5,12.6,2130,88.2,87.59,2581,11204,12232,-0.6000000000000085,6.19,106,151,111,145,290,312,290,"11.9","-11.9",,
24196,135,"SD",2021,24196,100,0.237,0.173,0.29,0.41,0.311,0.317,0.24,1277,5380,88.1,11.9,2354,88.8,88.66,3003,11326,12870,-0.09999999999999432,6.28,114,153,130,145,299,322,311,"34.7","-34.7",,
24692,112,"CHC",2018,24692,100,0.24,0.136,0.287,0.376,0.306,0.317,0.245,1319,5500,87.8,11.1,2203,88,87.74,2622,11149,13542,-0.29999999999999716,6.06,112,151,111,149,299,320,296,"54.1","-54.1",,
23273,133,"OAK",2018,23273,100,0.236,0.156,0.271,0.392,0.301,0.317,0.247,1303,5517,88,12.5,2208,88.7,88.45,2583,11070,12193,-0.29999999999999716,6.1,110,149,117,150,297,321,300,"49.6","-49.6",,
23629,118,"KC",2015,23629,100,0.249,0.146,0.288,0.396,0.31,0.317,0.249,1372,5499,87.9,12.4,2184,89.6,88.66,2443,11027,12560,-0.8999999999999915,5.94,110,149,111,144,292,311,291,"38.6","-38.6",,
13940,139,"TB",2024,13940,100,0.245,0.165,0.288,0.41,0.313,0.317,0.247,809,3303,88.8,15.7,2310,88.2,88.27,1675,6738,7202,0.09999999999999432,6.45,105,149,116,148,296,329,299,"-9.8","9.8",69.81417493086536,"7.2029657"
23795,158,"MIL",2016,23795,100,0.263,0.163,0.303,0.426,0.327,0.317,0.252,1450,5509,87.8,10.5,2166,89.2,88.75,2341,10902,12779,-0.5,6.03,109,151,111,147,300,313,290,"-24.3","24.3",,
23904,111,"BOS",2015,23904,100,0.264,0.16,0.307,0.424,0.326,0.316,0.25,1486,5623,87.9,11.2,2142,87.9,87.49,2455,11027,12816,-0.4000000000000057,6.1,111,148,108,146,284,308,290,"-62.8","62.8",,
23658,140,"TEX",2022,23658,100,0.247,0.151,0.293,0.397,0.318,0.316,0.244,1345,5452,88.2,10.5,2196,89,88.92,2752,11051,12606,-0.09999999999999432,6.3,112,153,118,148,299,321,295,"-38.4","38.4",,
24064,144,"ATL",2023,24064,100,0.245,0.153,0.303,0.398,0.312,0.316,0.245,1341,5480,88.6,12.5,2283,88.5,88.79,3307,11540,12519,0.29999999999999716,6.4,112,150,120,149,308,325,301,"31.7","-31.7",,
23102,133,"OAK",2021,23102,100,0.247,0.155,0.292,0.403,0.308,0.316,0.248,1362,5508,88.3,14.2,2102,88.8,88.98,2804,11186,11915,0.20000000000000284,6.41,111,150,119,150,300,326,300,"51.5","-51.5",,
23807,137,"SF",2018,23807,100,0.251,0.153,0.297,0.404,0.312,0.316,0.247,1387,5525,88.3,12.1,2268,87.6,86.74,2563,11035,12770,-0.8999999999999915,5.71,109,149,112,146,297,318,293,"10.2","-10.2",,
24081,109,"AZ",2018,24081,100,0.239,0.149,0.292,0.388,0.303,0.315,0.245,1313,5495,89.1,9.7,2153,87.1,86.49,2922,11095,12983,-0.5999999999999943,5.88,109,150,112,150,300,327,301,"92.5","-92.5",,
24224,113,"CIN",2015,24224,100,0.258,0.161,0.301,0.42,0.324,0.315,0.247,1436,5562,87.9,11,2117,89.5,89.29,2579,11332,12707,-0.20000000000000284,6.2,113,146,107,146,292,305,289,"-56.4","56.4",,
24868,113,"CIN",2022,24868,100,0.251,0.178,0.299,0.429,0.335,0.315,0.233,1366,5439,88.3,14,2313,90,89.87,2996,11492,13376,-0.09999999999999432,6.21,113,151,120,146,292,319,290,"-139.7","139.7",,
14606,135,"SD",2024,14606,100,0.248,0.159,0.3,0.407,0.314,0.315,0.246,826,3330,87.9,13.9,2278,89.3,89.16,1825,7074,7531,-0.09999999999999432,6.28,113,149,117,150,297,325,295,"-5.6","5.6",69.51970181459093,"7.265901244"
24415,108,"LAA",2021,24415,100,0.251,0.159,0.306,0.41,0.322,0.315,0.24,1373,5475,87.6,11.1,2194,87.9,87.78,3077,11322,13082,-0.10000000000000853,6.23,112,156,117,149,303,326,297,"-56.6","56.6",,
24034,111,"BOS",2023,24034,100,0.256,0.178,0.307,0.433,0.327,0.315,0.243,1416,5535,88.6,11.9,2222,88.9,89.22,2989,11683,12350,0.29999999999999716,6.53,109,149,117,148,289,326,291,"-34.8","34.8",,
23904,135,"SD",2018,23904,100,0.256,0.161,0.308,0.417,0.321,0.315,0.244,1430,5591,88.3,10.4,2243,88,87.36,2668,11081,12823,-0.5999999999999943,5.9,113,150,114,147,298,317,300,"-40","40",,
26142,111,"BOS",2019,26142,100,0.251,0.18,0.314,0.431,0.323,0.315,0.235,1423,5660,88.3,12.6,2282,88.4,88.14,3267,12079,14062,-0.30000000000001137,6.05,109,150,116,149,285,322,291,"-37.8","37.8",,
24199,120,"WSH",2019,24199,100,0.244,0.168,0.298,0.412,0.307,0.314,0.242,1340,5491,88.5,12.4,2215,89,88.82,3187,11697,12502,-0.20000000000000284,6.12,113,150,113,148,302,315,296,"56.7","-56.7",,
13869,134,"PIT",2024,13869,100,0.247,0.148,0.3,0.395,0.311,0.314,0.243,808,3276,88.4,12.9,2287,90.4,91.04,1712,6819,7049,0.5999999999999943,6.61,110,148,111,148,306,324,293,"11.7","-11.7",69.8114818391166,"7.197638719"
23520,138,"STL",2022,23520,100,0.247,0.135,0.288,0.382,0.307,0.314,0.251,1335,5409,88,9.4,2266,88.1,88.21,2435,10995,12525,0.10000000000000853,6.39,113,154,116,148,299,321,299,"29","-29",,
23883,133,"OAK",2019,23883,100,0.242,0.162,0.279,0.404,0.302,0.314,0.244,1342,5541,88.1,14.1,2187,88.9,88.43,2620,11318,12562,-0.5,5.93,110,148,120,150,299,324,299,"100.1","-100.1",,
24398,112,"CHC",2017,24398,100,0.238,0.159,0.288,0.398,0.307,0.314,0.243,1294,5430,86.6,10.7,2198,88,87.85,2743,11038,13359,-0.09999999999999432,6.18,113,152,109,150,295,317,296,"55.1","-55.1",,
23580,134,"PIT",2018,23580,100,0.251,0.156,0.299,0.407,0.313,0.314,0.244,1380,5506,88.5,11.9,2273,90.5,90.33,2693,11220,12360,-0.20000000000000284,6.13,110,151,112,148,302,320,297,"29.9","-29.9",,
24279,142,"MIN",2019,24279,100,0.257,0.163,0.311,0.419,0.312,0.314,0.249,1456,5671,88.1,13,2156,88.1,88.02,3058,11849,12426,-0.09999999999999432,6.16,108,153,114,146,297,325,293,"31.3","-31.3",,
25005,158,"MIL",2019,25005,100,0.246,0.179,0.296,0.425,0.316,0.314,0.24,1364,5542,87.7,12.9,2222,88.6,88.41,3044,11811,13194,-0.19999999999998863,6.1,110,156,114,151,302,319,295,"17.6","-17.6",,
24317,110,"BAL",2016,24317,100,0.258,0.164,0.301,0.421,0.324,0.314,0.246,1408,5467,88.2,11.5,2174,88.9,88.57,2587,11235,12994,-0.30000000000001137,6.02,107,152,116,147,298,308,295,"-9.8","9.8",,
24244,146,"MIA",2016,24244,100,0.251,0.143,0.307,0.394,0.313,0.314,0.245,1358,5408,88.2,11.4,2201,89.7,88.95,2675,11015,12998,-0.7000000000000028,5.95,109,149,107,145,292,320,295,"42.4","-42.4",,
8482,135,"SD",2020,8482,100,0.234,0.155,0.29,0.389,0.3,0.314,0.241,456,1952,87.8,12.6,2301,90,89.99,1087,3887,4595,0,6.3,114,150,130,147,303,332,312,"40.8","-40.8",,
23726,115,"COL",2017,23726,100,0.264,0.175,0.309,0.439,0.329,0.314,0.249,1453,5500,86.8,8,2264,90.3,90.09,2462,10948,12777,-0.20000000000000284,6.07,111,152,112,146,302,321,302,"0.1","-0.1",,
14129,112,"CHC",2024,14129,100,0.238,0.143,0.287,0.381,0.302,0.313,0.244,784,3293,87.9,14.1,2228,88,88.33,1648,6703,7426,0.29999999999999716,6.47,112,150,116,151,300,324,295,"14.2","-14.2",69.62874104355488,"7.273003884"
23431,136,"SEA",2015,23431,100,0.256,0.156,0.3,0.412,0.318,0.313,0.246,1430,5590,88.4,10.3,2112,88.7,87.83,2490,10794,12473,-0.9000000000000057,6.03,112,147,110,146,290,312,293,"-23.4","23.4",,
23884,138,"STL",2019,23884,100,0.238,0.159,0.285,0.397,0.303,0.313,0.243,1284,5389,88.1,11.7,2270,88.9,88.84,2851,11221,12662,-0.10000000000000853,6.17,112,151,111,149,297,322,298,"98.1","-98.1",,
23889,147,"NYY",2023,23889,100,0.235,0.162,0.281,0.396,0.307,0.313,0.24,1272,5424,88.2,12.5,2317,90.3,90.16,2934,11410,12476,-0.09999999999999432,6.26,112,149,117,151,297,327,289,"58.2","-58.2",,
14752,147,"NYY",2024,14752,100,0.226,0.157,0.271,0.383,0.304,0.313,0.236,734,3252,89,14.2,2345,89.9,89.64,1836,6914,7837,-0.30000000000001137,6.18,111,150,117,151,290,323,286,"39.2","-39.2",69.72588204390901,"7.228300262"
23075,141,"TOR",2022,23075,100,0.247,0.153,0.297,0.399,0.309,0.313,0.247,1356,5493,88.6,13.1,2195,89.1,89.03,2857,11368,11706,-0.09999999999999432,6.37,109,158,120,149,295,320,297,"17.2","-17.2",,
23244,141,"TOR",2016,23244,100,0.242,0.156,0.283,0.398,0.304,0.313,0.247,1340,5546,88.9,10.1,2291,88,87.06,2662,10931,12278,-0.9000000000000057,5.87,109,152,114,147,294,317,293,"82.6","-82.6",,
24213,158,"MIL",2017,24213,100,0.252,0.162,0.301,0.414,0.318,0.312,0.247,1381,5479,85.9,10.4,2173,89.2,88.99,2723,11326,12887,-0.20000000000000284,6.17,109,153,114,150,302,312,289,"32.1","-32.1",,
23151,140,"TEX",2023,23151,100,0.245,0.161,0.289,0.406,0.311,0.312,0.242,1330,5419,88.5,13.2,2188,89.1,89.39,2920,11175,11976,0.30000000000001137,6.51,114,149,117,148,303,329,300,"15","-15",,
23759,146,"MIA",2023,23759,100,0.246,0.168,0.302,0.414,0.316,0.312,0.241,1340,5455,88.3,11.3,2243,90.3,90.28,3152,11336,12423,0,6.34,110,149,117,149,301,319,294,"27.4","-27.4",,
24193,111,"BOS",2021,24193,100,0.258,0.16,0.324,0.417,0.324,0.312,0.241,1409,5470,88.1,11.6,2217,89.6,89.76,3012,11495,12698,0.20000000000000284,6.4,110,154,118,148,291,327,297,"-30","30",,
13616,114,"CLE",2024,13616,100,0.234,0.17,0.283,0.404,0.31,0.312,0.239,732,3133,88.9,13.3,2208,87.9,88.57,1659,6460,7156,0.6999999999999886,6.68,111,149,122,149,298,318,298,"24","-24",69.50671630390488,"7.226918444"
22990,146,"MIA",2021,22990,100,0.241,0.16,0.292,0.401,0.31,0.312,0.24,1282,5330,87.4,10.1,2200,89.7,89.46,2873,11164,11826,-0.20000000000000284,6.2,108,150,116,148,299,317,287,"5.5","-5.5",,
22406,137,"SF",2015,22406,100,0.246,0.149,0.285,0.395,0.304,0.312,0.247,1344,5463,88.2,10.8,2148,86.9,86.46,2370,10538,11766,-0.4000000000000057,6.02,112,149,109,146,291,316,294,"55.1","-55.1",,
23228,144,"ATL",2021,23228,100,0.234,0.158,0.283,0.392,0.303,0.312,0.24,1237,5279,87.8,10.1,2268,88.7,88.73,3003,11170,12058,0,6.26,108,151,124,146,302,321,293,"79.4","-79.4",,
13975,110,"BAL",2024,13975,100,0.23,0.151,0.276,0.381,0.298,0.312,0.24,747,3253,88.4,13.1,2322,89.1,89.33,1697,6611,7361,0.20000000000000284,6.46,113,149,120,149,302,325,296,"37.7","-37.7",69.5222808149917,"7.245683602"
23816,139,"TB",2015,23816,100,0.24,0.145,0.286,0.385,0.301,0.311,0.239,1314,5477,88.7,13.3,2104,88.9,88.16,2783,11260,12479,-0.7000000000000028,5.88,105,152,114,146,295,328,297,"48.8","-48.8",,
23829,141,"TOR",2023,23829,100,0.241,0.162,0.296,0.403,0.308,0.311,0.242,1326,5504,88.4,13.1,2204,88.8,89.15,3073,11366,12460,0.4000000000000057,6.57,109,149,120,148,290,324,287,"76","-76",,
23532,116,"DET",2016,23532,100,0.26,0.161,0.302,0.421,0.318,0.311,0.245,1417,5457,88.2,13,2254,89.5,89.08,2584,11218,12220,-0.4000000000000057,6.11,109,151,113,146,304,323,291,"-4.3","4.3",,
23549,141,"TOR",2021,23549,100,0.236,0.171,0.284,0.407,0.308,0.311,0.237,1257,5337,88.6,12.4,2223,89.3,89.34,2975,11166,12380,0,6.36,107,154,121,148,296,318,290,"44","-44",,
14351,117,"HOU",2024,14351,100,0.238,0.152,0.285,0.389,0.313,0.311,0.235,759,3193,88.3,13.2,2313,89,89.11,1755,6612,7739,0.09999999999999432,6.46,108,149,115,148,293,321,295,"4","-4",69.49772273412913,"7.239640325"
24353,138,"STL",2018,24353,100,0.246,0.132,0.297,0.378,0.306,0.311,0.241,1354,5506,87.2,11.5,2225,89.2,88.91,2789,11467,12885,-0.29999999999999716,6.09,113,147,107,148,298,317,299,"37.2","-37.2",,
23898,135,"SD",2019,23898,100,0.251,0.179,0.303,0.43,0.314,0.311,0.243,1394,5551,88.3,11.7,2197,88.8,88.42,2868,11427,12471,-0.3999999999999915,6.02,114,152,115,149,304,326,304,"9.6","-9.6",,
24117,139,"TB",2016,24117,100,0.255,0.161,0.3,0.416,0.316,0.311,0.243,1395,5470,89,13.7,2183,88.9,87.82,2807,11299,12730,-1.1000000000000085,5.76,110,153,114,146,298,325,295,"17.8","-17.8",,
23103,137,"SF",2023,23103,100,0.253,0.155,0.305,0.408,0.311,0.31,0.25,1395,5504,88.7,8,2108,88.5,88.77,2631,10954,12149,0.29999999999999716,6.43,110,149,117,148,298,325,297,"34.2","-34.2",,
22405,121,"NYM",2021,22405,100,0.236,0.164,0.289,0.4,0.306,0.31,0.236,1221,5175,87.8,11.6,2237,90.1,90.26,2987,10825,11580,0.20000000000000284,6.4,112,155,113,149,300,325,298,"39.5","-39.5",,
8528,147,"NYY",2020,8528,100,0.236,0.185,0.282,0.421,0.313,0.31,0.235,455,1927,87.8,12.8,2279,89.4,89.43,1142,4123,4405,0,6.34,111,150,120,149,293,322,287,"2.8","-2.8",,
24441,141,"TOR",2017,24441,100,0.258,0.171,0.304,0.429,0.323,0.31,0.243,1460,5666,87,11.1,2251,88.6,87.77,2799,11456,12981,-0.7999999999999972,5.88,109,151,112,147,297,322,294,"-24.8","24.8",,
23230,119,"LAD",2023,23230,100,0.236,0.164,0.279,0.4,0.304,0.31,0.244,1284,5444,88.1,13.4,2304,89.5,89.86,2917,11348,11882,0.4000000000000057,6.45,113,150,121,150,299,318,294,"50.4","-50.4",,
24481,147,"NYY",2019,24481,100,0.248,0.191,0.297,0.439,0.318,0.309,0.239,1374,5535,88.4,12.9,2254,89.1,88.76,3157,11651,12828,-0.29999999999999716,6,107,153,116,149,295,324,288,"39.9","-39.9",,
24300,135,"SD",2023,24300,100,0.236,0.147,0.288,0.383,0.305,0.309,0.238,1270,5391,87.5,11.3,2278,88.1,88.17,3007,11295,12998,0.10000000000000853,6.46,111,150,117,149,295,322,293,"88.6","-88.6",,
23611,142,"MIN",2022,23611,100,0.242,0.158,0.286,0.4,0.309,0.309,0.24,1320,5458,88.3,14,2255,87.8,87.71,2912,11576,12035,-0.09999999999999432,6.21,110,156,118,149,297,329,291,"2.5","-2.5",,
22642,141,"TOR",2015,22642,100,0.248,0.155,0.28,0.403,0.306,0.309,0.247,1353,5452,87.9,11.7,2141,86.8,85.86,2339,10949,11632,-0.8999999999999915,5.97,109,152,113,148,292,316,294,"22.2","-22.2",,
23917,117,"HOU",2021,23917,100,0.228,0.153,0.276,0.382,0.3,0.309,0.235,1231,5389,88.3,11.3,2296,88,87.59,2993,10997,12920,-0.4000000000000057,6.05,112,155,117,150,291,322,291,"86.8","-86.8",,
23698,120,"WSH",2018,23698,100,0.242,0.169,0.289,0.411,0.311,0.309,0.236,1320,5453,87.6,14,2193,88.7,88.27,2824,11309,12388,-0.4000000000000057,6.05,111,151,113,148,297,313,296,"36.9","-36.9",,
23588,111,"BOS",2016,23588,100,0.246,0.151,0.295,0.397,0.308,0.309,0.238,1342,5459,88,13.4,2210,87.1,86.23,2676,11092,12448,-0.8999999999999915,5.93,107,149,114,146,283,318,288,"25.9","-25.9",,
23543,158,"MIL",2023,23543,100,0.227,0.158,0.269,0.385,0.297,0.309,0.241,1218,5377,88.1,12.4,2283,89.2,89.76,2842,10884,12659,0.5999999999999943,6.62,111,150,117,148,299,324,297,"94.2","-94.2",,
24315,158,"MIL",2018,24315,100,0.233,0.155,0.282,0.387,0.302,0.308,0.237,1259,5415,87.7,12.1,2210,88.2,87.85,2913,11289,13025,-0.29999999999999716,6.05,110,154,113,150,300,317,293,"46.8","-46.8",,
13842,119,"LAD",2024,13842,100,0.228,0.157,0.269,0.385,0.299,0.308,0.237,736,3223,88.2,13.4,2258,89.7,90.2,1651,6677,7165,0.5,6.56,114,150,122,150,296,315,293,"39.4","-39.4",69.29780595839918,"7.159604706"
24177,144,"ATL",2018,24177,100,0.229,0.141,0.281,0.37,0.299,0.308,0.234,1236,5393,88,11.8,2247,89,88.34,2875,11006,13166,-0.7000000000000028,5.84,107,150,105,149,297,318,297,"75.9","-75.9",,
23475,114,"CLE",2019,23475,100,0.24,0.179,0.293,0.419,0.305,0.308,0.239,1308,5449,88.5,14.8,2281,87.5,87.27,3024,11206,12268,-0.20000000000000284,6.03,110,152,116,149,289,312,289,"83.4","-83.4",,
23574,110,"BAL",2015,23574,100,0.257,0.162,0.299,0.418,0.32,0.307,0.242,1406,5479,88.3,11.7,2116,89.2,88.81,2500,11079,12399,-0.4000000000000057,6.01,110,152,117,148,292,302,289,"-30.4","30.4",,
23648,138,"STL",2017,23648,100,0.253,0.159,0.301,0.411,0.312,0.307,0.246,1393,5507,86.7,10.4,2160,89.1,88.35,2651,11168,12472,-0.6999999999999886,5.81,112,147,109,147,291,316,297,"38","-38",,
24548,113,"CIN",2021,24548,100,0.244,0.173,0.3,0.417,0.321,0.307,0.232,1330,5440,87,10.8,2300,89.1,88.94,3116,11224,13324,-0.19999999999998863,6.18,112,152,116,147,293,318,289,"-22","22",,
13857,142,"MIN",2024,13857,100,0.235,0.161,0.285,0.396,0.301,0.307,0.238,758,3221,87.8,15,2268,89.1,89.8,1811,6828,7029,0.7000000000000028,6.71,112,148,119,150,298,324,293,"2.6","-2.6",69.37156108035524,"7.161652335"
23864,146,"MIA",2022,23864,100,0.242,0.164,0.296,0.406,0.315,0.307,0.237,1311,5423,87.7,10.5,2208,89.8,89.72,3145,11589,12274,-0.09999999999999432,6.33,108,153,118,150,298,316,292,"-0.7","0.7",,
13996,116,"DET",2024,13996,100,0.242,0.145,0.293,0.387,0.301,0.307,0.247,790,3263,88.6,11.8,2217,89.1,89.32,1868,6785,7211,0.20000000000000284,6.4,111,148,116,147,295,329,296,"13.8","-13.8",69.29648696638316,"7.284140802"
25131,111,"BOS",2017,25131,100,0.245,0.161,0.304,0.406,0.305,0.306,0.237,1384,5647,87.4,13.5,2258,88.4,87.69,3079,11966,13163,-0.7000000000000028,5.95,111,150,114,146,284,325,290,"106.5","-106.5",,
22891,114,"CLE",2022,22891,100,0.23,0.144,0.275,0.373,0.292,0.306,0.239,1252,5447,88.5,12.6,2262,88.9,89.08,2985,11384,11505,0.19999999999998863,6.34,110,155,118,149,294,316,292,"64","-64",,
23515,108,"LAA",2022,23515,100,0.23,0.148,0.277,0.379,0.301,0.306,0.235,1241,5386,88,13.1,2201,88.2,87.87,3050,11343,12162,-0.29999999999999716,6.16,112,152,115,151,296,322,292,"29.8","-29.8",,
8625,142,"MIN",2020,8625,100,0.232,0.14,0.288,0.372,0.295,0.306,0.234,448,1927,87.2,14.1,2232,86.1,86.03,1147,4102,4523,-0.09999999999999432,6.2,106,154,115,149,300,332,296,"52.6","-52.6",,
8204,133,"OAK",2020,8204,100,0.24,0.152,0.286,0.392,0.3,0.306,0.236,471,1964,88.2,14.3,2194,88.7,88.65,989,3817,4386,0,6.24,110,149,122,149,301,326,300,"35.9","-35.9",,
13644,111,"BOS",2024,13644,100,0.237,0.135,0.286,0.372,0.293,0.306,0.243,766,3233,87.8,11.5,2258,88.1,88.24,1602,6626,7015,0.10000000000000853,6.38,111,149,116,147,286,321,299,"30","-30",69.2691003218738,"7.190214651"
24000,139,"TB",2017,24000,100,0.242,0.161,0.285,0.403,0.305,0.306,0.239,1324,5482,87.5,12.8,2235,88.9,88.04,2900,11251,12737,-0.9000000000000057,5.85,115,151,114,146,298,326,296,"85.4","-85.4",,
23169,139,"TB",2021,23169,100,0.232,0.154,0.282,0.386,0.293,0.306,0.24,1264,5454,87.9,13.3,2263,87.9,88.17,3116,11469,11698,0.29999999999999716,6.57,106,155,117,149,301,322,293,"101.9","-101.9",,
23297,114,"CLE",2016,23297,100,0.243,0.164,0.291,0.407,0.305,0.305,0.243,1330,5480,88.4,10,2302,89.7,89.62,2654,10960,12222,-0.10000000000000853,6.08,108,150,112,147,294,312,287,"40.3","-40.3",,
23203,108,"LAA",2015,23203,100,0.248,0.148,0.288,0.396,0.307,0.305,0.237,1355,5467,87.9,13.2,2136,87.1,86.03,2427,10583,12445,-1.0999999999999943,5.87,111,146,109,148,294,316,302,"12.9","-12.9",,
23345,138,"STL",2016,23345,100,0.258,0.144,0.307,0.402,0.311,0.305,0.249,1432,5553,87.4,8.6,2157,89.1,88.31,2377,10868,12334,-0.7999999999999972,6.02,110,146,110,145,295,312,297,"7.9","-7.9",,
14338,113,"CIN",2024,14338,100,0.237,0.155,0.284,0.392,0.309,0.305,0.236,771,3249,87.5,16.3,2339,89.6,89.67,1790,6982,7354,0.10000000000000853,6.29,112,147,119,149,296,320,290,"23.6","-23.6",69.34081281556008,"7.19699971"
23856,109,"AZ",2017,23856,100,0.24,0.157,0.297,0.398,0.302,0.305,0.238,1309,5443,87.8,9.1,2196,88.8,88.24,2946,10926,12928,-0.5999999999999943,5.93,110,153,113,149,302,324,301,"107.1","-107.1",,
23350,137,"SF",2016,23350,100,0.243,0.149,0.29,0.392,0.3,0.304,0.242,1334,5488,88.2,12.2,2301,88.3,87.9,2575,11025,12215,-0.3999999999999915,6.02,111,148,109,147,286,308,296,"80.7","-80.7",,
23663,143,"PHI",2023,23663,100,0.24,0.157,0.291,0.397,0.305,0.304,0.24,1318,5486,87.8,11.8,2251,89.6,89.96,2969,11387,12276,0.4000000000000057,6.55,112,147,117,148,294,323,292,"51.2","-51.2",,
23230,136,"SEA",2023,23230,100,0.237,0.155,0.288,0.392,0.298,0.304,0.242,1300,5481,88.4,12.2,2226,90.4,90.63,3178,11705,11524,0.19999999999998863,6.39,111,147,118,147,292,320,297,"94.8","-94.8",,
24237,147,"NYY",2015,24237,100,0.253,0.153,0.303,0.406,0.315,0.304,0.24,1416,5590,88,9.4,2086,89.4,88.97,2784,11312,12863,-0.4000000000000057,6.18,106,151,109,145,288,312,287,"9.6","-9.6",,
23518,147,"NYY",2016,23518,100,0.248,0.176,0.294,0.424,0.316,0.303,0.236,1358,5478,88.3,9.8,2174,89.5,89,2914,11131,12333,-0.5,6.1,106,149,111,144,296,321,290,"15.9","-15.9",,
23847,115,"COL",2018,23847,100,0.25,0.167,0.302,0.417,0.318,0.303,0.237,1377,5501,88.2,10.8,2224,89,88.84,2810,11038,12808,-0.20000000000000284,5.95,113,151,114,145,301,323,302,"-8","8",,
24009,135,"SD",2015,24009,100,0.252,0.162,0.307,0.414,0.319,0.303,0.237,1371,5440,88.2,9.8,2208,89.2,88.66,2765,11054,12817,-0.5,6.04,110,148,109,146,293,309,292,"-39.4","39.4",,
23873,145,"CWS",2015,23873,100,0.26,0.15,0.314,0.41,0.318,0.303,0.241,1443,5558,87.4,11.1,2122,89,88.35,2786,11325,12408,-0.7000000000000028,6.11,109,148,107,145,294,308,283,"-13.3","13.3",,
24619,111,"BOS",2018,24619,100,0.237,0.153,0.295,0.39,0.305,0.302,0.229,1305,5515,88.3,12.9,2271,88.1,87.49,2957,11509,13110,-0.5999999999999943,5.97,110,152,115,149,282,316,290,"66","-66",,
23608,121,"NYM",2016,23608,100,0.254,0.141,0.312,0.395,0.304,0.302,0.244,1397,5494,88.2,10.8,2180,90.3,89.98,2694,11429,12029,-0.29999999999999716,6.27,109,152,111,145,291,313,295,"78.8","-78.8",,
23227,136,"SEA",2022,23227,100,0.235,0.154,0.281,0.389,0.3,0.301,0.236,1277,5429,87.9,14.3,2212,88.8,88.98,3024,11676,11551,0.20000000000000284,6.43,110,152,119,146,293,322,293,"77.4","-77.4",,
24039,117,"HOU",2016,24039,100,0.256,0.168,0.308,0.424,0.317,0.301,0.242,1441,5637,87.9,10.7,2219,86.3,85.75,2800,11018,12949,-0.5,6.08,107,149,113,149,282,314,283,"23.6","-23.6",,
24124,117,"HOU",2017,24124,100,0.24,0.167,0.302,0.407,0.31,0.301,0.232,1314,5476,86.6,9.9,2317,87.9,87.33,3198,11267,12851,-0.6000000000000085,5.96,108,150,114,149,289,316,292,"42.3","-42.3",,
22494,114,"CLE",2015,22494,100,0.237,0.149,0.29,0.386,0.297,0.301,0.236,1274,5373,88.4,10.6,2201,90.2,89.82,2690,10957,11443,-0.4000000000000057,6.01,108,150,111,147,286,306,291,"31.6","-31.6",,
22917,139,"TB",2023,22917,100,0.231,0.155,0.285,0.386,0.296,0.301,0.235,1258,5445,88.2,11.4,2275,88.9,89.33,3000,11162,11755,0.3999999999999915,6.61,106,148,117,148,297,325,299,"97.1","-97.1",,
24317,145,"CWS",2022,24317,100,0.242,0.145,0.296,0.387,0.307,0.301,0.232,1330,5498,88.2,13.2,2291,89.5,89.51,3121,11590,12725,0,6.26,109,151,112,148,297,325,297,"-1.6","1.6",,
23342,139,"TB",2018,23342,100,0.23,0.148,0.279,0.377,0.294,0.301,0.231,1236,5382,88.2,12.4,2240,89.2,88.59,2982,11115,12224,-0.6000000000000085,5.96,110,154,113,148,293,321,291,"81.8","-81.8",,
8573,139,"TB",2020,8573,100,0.238,0.153,0.293,0.391,0.303,0.3,0.232,475,1995,86.8,9.9,2220,88.4,89,1177,4226,4346,0.5999999999999943,6.75,108,156,116,147,300,319,293,"37.4","-37.4",,
23387,134,"PIT",2015,23387,100,0.248,0.113,0.305,0.361,0.295,0.3,0.243,1392,5615,87.7,7.6,2108,89.9,89.31,2659,11153,12082,-0.6000000000000085,6.07,108,150,109,148,298,316,290,"115","-115",,
23739,143,"PHI",2021,23739,100,0.244,0.17,0.298,0.414,0.315,0.3,0.231,1321,5418,87,11,2124,90.4,90.83,2947,11487,12252,0.3999999999999915,6.6,110,151,114,148,296,323,292,"-16.9","16.9",,
13416,144,"ATL",2024,13416,100,0.233,0.126,0.291,0.36,0.292,0.3,0.24,731,3133,87.1,10.1,2287,88.2,88.36,1744,6471,6945,0.20000000000000284,6.37,112,150,121,148,298,323,294,"75.3","-75.3",68.91906921678364,"7.309612433"
24478,121,"NYM",2019,24478,100,0.251,0.167,0.307,0.418,0.311,0.3,0.234,1405,5601,87.4,12.5,2259,90.8,90.86,3072,11823,12646,0.10000000000000853,6.25,112,150,112,145,297,316,294,"48.9","-48.9",,
23924,147,"NYY",2017,23924,100,0.228,0.154,0.282,0.382,0.294,0.3,0.232,1248,5468,86.9,10.3,2249,89.2,88.8,3193,11275,12647,-0.4000000000000057,6.11,107,151,112,145,298,321,289,"119.7","-119.7",,
23762,135,"SD",2022,23762,100,0.232,0.145,0.283,0.377,0.299,0.3,0.23,1263,5433,88.1,13.8,2288,88.8,89.18,2988,11386,12373,0.4000000000000057,6.57,112,159,119,150,297,320,299,"48.1","-48.1",,
24179,113,"CIN",2019,24179,100,0.235,0.174,0.289,0.41,0.305,0.299,0.229,1270,5395,87.9,11.3,2285,89.6,89.1,3237,11296,12882,-0.5,5.91,115,155,117,146,292,315,289,"65","-65",,
24612,147,"NYY",2018,24612,100,0.237,0.153,0.302,0.39,0.303,0.299,0.23,1311,5543,87.8,12.5,2310,89.6,89.29,3288,11621,12990,-0.29999999999999716,6.08,108,155,113,148,294,323,290,"65.7","-65.7",,
23233,143,"PHI",2022,23233,100,0.245,0.146,0.303,0.391,0.307,0.299,0.234,1330,5430,87.4,11.3,2178,89.7,90.18,2898,11073,12160,0.5,6.62,110,150,119,145,297,325,291,"-2.3","2.3",,
24102,120,"WSH",2017,24102,100,0.239,0.157,0.29,0.396,0.302,0.299,0.232,1300,5446,86.7,12.6,2191,89.1,88.86,2868,11456,12643,-0.19999999999998863,6.19,110,151,113,148,293,309,292,"90.3","-90.3",,
23458,114,"CLE",2018,23458,100,0.242,0.172,0.299,0.414,0.307,0.298,0.231,1349,5566,88.2,13,2317,87.9,87.68,3084,11244,12210,-0.20000000000000284,6.09,109,152,112,149,285,313,294,"56.1","-56.1",,
24369,158,"MIL",2022,24369,100,0.229,0.159,0.281,0.388,0.303,0.298,0.226,1238,5406,87.2,11.5,2267,89.2,89.35,3075,11067,13302,0.09999999999999432,6.38,110,152,119,146,296,318,296,"31","-31",,
13423,136,"SEA",2024,13423,100,0.218,0.143,0.26,0.362,0.279,0.298,0.235,698,3196,88.1,13.9,2176,90.7,90.96,1782,6782,6641,0.29999999999999716,6.45,112,148,117,147,295,322,293,"78","-78",69.2724631140991,"7.143905885"
13817,143,"PHI",2024,13817,100,0.228,0.138,0.283,0.366,0.289,0.298,0.239,737,3229,87.9,10.6,2257,89.4,89.91,1681,6693,7124,0.5,6.6,109,148,116,148,295,323,291,"57.6","-57.6",69.60065440119038,"7.240715175"
23255,138,"STL",2015,23255,100,0.246,0.12,0.302,0.366,0.296,0.298,0.236,1359,5517,87.5,9.6,2103,89.4,89.17,2497,11209,11900,-0.20000000000000284,6.09,109,147,109,147,293,306,294,"154.6","-154.6",,
23761,147,"NYY",2021,23761,100,0.231,0.158,0.286,0.389,0.298,0.297,0.225,1243,5386,87.4,13.5,2323,89.5,89.61,3310,11554,12203,0.09999999999999432,6.4,110,153,119,147,298,324,288,"85.5","-85.5",,
8618,114,"CLE",2020,8618,100,0.223,0.155,0.287,0.378,0.288,0.297,0.225,440,1971,87.3,13.7,2309,87.8,88.18,1258,4062,4556,0.4000000000000057,6.4,107,153,118,150,293,318,291,"65.8","-65.8",,
24014,121,"NYM",2018,24014,100,0.246,0.152,0.298,0.398,0.308,0.297,0.231,1364,5541,87.2,12.6,2239,89.9,89.98,2852,11486,12525,0.09999999999999432,6.29,111,151,109,148,294,318,299,"19.1","-19.1",,
22859,137,"SF",2021,22859,100,0.23,0.138,0.282,0.368,0.286,0.297,0.236,1254,5452,87.7,10.3,2109,88.2,88.32,2880,11214,11645,0.09999999999999432,6.36,111,154,114,149,298,322,295,"143","-143",,
23487,142,"MIN",2023,23487,100,0.237,0.161,0.293,0.398,0.302,0.297,0.23,1294,5470,88.3,13.7,2243,88.7,89.28,3209,11732,11755,0.5999999999999943,6.61,112,148,120,149,299,328,292,"94","-94",,
23750,143,"PHI",2018,23750,100,0.249,0.158,0.306,0.407,0.312,0.296,0.231,1366,5490,87.5,11.2,2237,89.2,89.03,2950,11284,12466,-0.20000000000000284,6.17,107,154,112,147,295,323,293,"-1.7","1.7",,
22515,120,"WSH",2015,22515,100,0.25,0.134,0.304,0.384,0.297,0.296,0.239,1366,5464,87.4,11,2170,89.9,89.22,2537,10941,11435,-0.7000000000000028,6.11,109,149,107,146,289,304,293,"63.8","-63.8",,
23021,114,"CLE",2017,23021,100,0.236,0.144,0.305,0.38,0.291,0.296,0.238,1267,5378,87,11.1,2302,88.6,88.32,3088,10966,12054,-0.29999999999999716,6.1,108,152,111,149,288,313,291,"150.7","-150.7",,
23628,137,"SF",2022,23628,100,0.253,0.136,0.312,0.39,0.308,0.296,0.239,1397,5517,87.8,9,2167,88.6,88.61,2899,11324,12304,0,6.28,110,152,116,148,298,323,294,"-0.2","0.2",,
23713,145,"CWS",2021,23713,100,0.229,0.152,0.289,0.381,0.295,0.295,0.225,1205,5260,88.3,13.7,2259,89.9,90.02,3353,11416,12297,0.09999999999999432,6.32,111,151,114,149,299,319,295,"96.7","-96.7",,
23340,112,"CHC",2016,23340,100,0.212,0.136,0.257,0.348,0.277,0.295,0.229,1125,5309,88.1,10.4,2224,89,88.69,2771,10738,12513,-0.29999999999999716,6.21,113,151,110,148,295,319,293,"193","-193",,
8958,158,"MIL",2020,8958,100,0.229,0.156,0.297,0.385,0.303,0.295,0.219,446,1949,86.5,10.4,2319,88.3,88.79,1209,4082,4876,0.5,6.52,110,153,120,150,297,319,298,"22.8","-22.8",,
22724,139,"TB",2022,22724,100,0.232,0.147,0.279,0.379,0.293,0.294,0.232,1260,5424,87.4,13.1,2243,87.7,87.72,3062,11310,11413,0,6.43,106,156,114,149,301,324,297,"82.2","-82.2",,
23305,121,"NYM",2022,23305,100,0.236,0.141,0.299,0.377,0.297,0.293,0.227,1274,5408,87.7,12.6,2197,89.2,89.29,3180,11211,12093,0.09999999999999432,6.41,111,155,118,149,299,328,300,"80.9","-80.9",,
23203,117,"HOU",2015,23203,100,0.241,0.142,0.287,0.382,0.297,0.293,0.234,1308,5434,87,9.5,2142,87.1,86.64,2513,10836,12300,-0.5,6.07,107,147,108,147,277,309,279,"83.2","-83.2",,
23967,158,"MIL",2021,23967,100,0.218,0.14,0.278,0.358,0.287,0.292,0.221,1156,5300,86.8,10.6,2265,89.2,89.49,3210,11217,12750,0.29999999999999716,6.4,109,153,117,147,300,322,297,"127","-127",,
8498,119,"LAD",2020,8498,100,0.213,0.141,0.253,0.355,0.273,0.291,0.229,424,1988,87.2,10.8,2391,90.7,90.6,1072,4177,4321,-0.10000000000000853,6.15,112,160,117,148,300,319,292,"85.6","-85.6",,
23841,144,"ATL",2022,23841,100,0.226,0.128,0.286,0.354,0.288,0.291,0.225,1224,5413,87.7,12.1,2284,89.2,89.45,3268,11606,12235,0.20000000000000284,6.4,112,152,122,148,305,324,299,"117.2","-117.2",,
8784,113,"CIN",2020,8784,100,0.215,0.16,0.279,0.374,0.296,0.29,0.209,401,1867,87.3,12.9,2453,89.5,89.41,1261,3946,4837,-0.09999999999999432,6.2,114,154,120,151,294,319,291,"32.4","-32.4",,
23219,147,"NYY",2022,23219,100,0.219,0.136,0.269,0.355,0.283,0.29,0.227,1177,5380,87.5,12.1,2338,90.1,90.03,3133,11133,12085,-0.09999999999999432,6.31,110,155,120,150,295,326,288,"112.7","-112.7",,
23672,120,"WSH",2016,23672,100,0.234,0.142,0.292,0.376,0.293,0.289,0.228,1272,5430,87.8,12.2,2210,89.4,89.16,2826,11263,12245,-0.20000000000000284,6.16,110,150,111,146,295,308,287,"112","-112",,
23961,139,"TB",2019,23961,100,0.23,0.155,0.291,0.386,0.289,0.288,0.227,1274,5531,87.7,12.4,2254,89.1,88.75,3350,11592,12366,-0.29999999999999716,6.12,108,156,115,148,293,323,296,"128.9","-128.9",,
23319,112,"CHC",2015,23319,100,0.233,0.139,0.29,0.372,0.288,0.288,0.234,1276,5476,87.8,10.1,2156,89.1,88.32,2573,10868,12305,-0.7999999999999972,5.93,112,150,108,147,286,300,286,"89.7","-89.7",,
24092,119,"LAD",2016,24092,100,0.233,0.142,0.291,0.375,0.291,0.288,0.227,1266,5430,87.1,12.8,2247,87.8,87.19,2993,11323,12582,-0.5999999999999943,5.97,114,151,110,146,297,321,296,"106.2","-106.2",,
24023,117,"HOU",2019,24023,100,0.221,0.177,0.272,0.397,0.289,0.285,0.218,1205,5461,88,12.1,2402,88.8,88.16,3345,11331,12692,-0.5999999999999943,5.9,111,154,117,150,289,317,297,"153.2","-153.2",,
23284,119,"LAD",2017,23284,100,0.228,0.153,0.284,0.38,0.288,0.284,0.225,1226,5380,86.1,13,2289,88.1,87.65,3178,11394,11887,-0.5,6.02,112,152,109,145,296,320,294,"165.7","-165.7",,
23616,119,"LAD",2018,23616,100,0.23,0.149,0.286,0.379,0.29,0.284,0.224,1279,5562,87.4,11.6,2298,88.1,87.82,3084,11597,12019,-0.29999999999999716,6.07,109,153,114,147,297,319,297,"114","-114",,
22936,117,"HOU",2022,22936,100,0.212,0.12,0.269,0.332,0.273,0.284,0.219,1121,5295,87.9,12.8,2367,88.9,88.45,3133,11289,11646,-0.5,6.13,113,155,116,149,293,323,292,"172","-172",,
23040,119,"LAD",2019,23040,100,0.223,0.156,0.273,0.379,0.28,0.282,0.226,1201,5387,87.2,12.3,2375,88.6,88.34,3102,11369,11669,-0.29999999999999716,6,112,157,117,145,296,317,294,"165.3","-165.3",,
22525,121,"NYM",2015,22525,100,0.243,0.134,0.292,0.377,0.291,0.282,0.23,1341,5515,87.4,10.1,2118,89.9,89.22,2562,10881,11485,-0.7000000000000028,6.15,113,150,112,145,292,309,291,"87.2","-87.2",,
22578,119,"LAD",2015,22578,100,0.242,0.13,0.299,0.372,0.291,0.282,0.227,1317,5433,87.1,8.5,2165,88.8,87.92,2763,10833,11628,-0.8999999999999915,5.89,115,149,107,148,293,308,292,"88.3","-88.3",,
22927,119,"LAD",2021,22927,100,0.207,0.136,0.263,0.344,0.272,0.281,0.216,1107,5335,86.3,11.8,2441,89.6,89.51,3141,11138,11789,-0.09999999999999432,6.18,112,156,115,150,299,317,293,"222.2","-222.2",,
23539,117,"HOU",2018,23539,100,0.217,0.141,0.284,0.358,0.28,0.277,0.213,1164,5365,87.6,11.2,2379,89.2,88.4,3218,11130,12408,-0.7999999999999972,5.91,109,152,116,151,287,314,289,"178.9","-178.9",,
22576,119,"LAD",2022,22576,100,0.209,0.135,0.256,0.344,0.273,0.277,0.215,1114,5336,86.8,13.9,2327,88.9,88.89,2971,11245,11331,0,6.24,110,155,119,148,298,316,292,"182.4","-182.4",,